,mejor_modelo,error
US_Stock_VT_adj_close,SARIMA,0.042982288613137
LME_PB_Close,SARIMA,0.0448521737823482
LME_CA_Close,GARCH,0.0407362426900857
LME_ZS_Close,GARCH,0.0710267778342885
LME_AH_Close,GARCH,0.0405651842835049
JPX_Gold_Standard_Futures_Close,SARIMA,0.055018637576795
JPX_Platinum_Standard_Futures_Close,SARIMA,0.0985614759287567
US_Stock_VYM_adj_close,SARIMA,0.0323157101506499
US_Stock_IEMG_adj_close,SARIMA,0.0558967855683181
FX_AUDJPY,SARFIMA,0.0382599812846231
US_Stock_VGIT_adj_close,GARCH,0.0152962974041937
FX_EURAUD,SARIMA,0.0633416907922578
FX_CADCHF,SARIMA,0.0366616139746513
FX_ZARCHF,SARIMA,0.0580521596631945
FX_NZDJPY,GARCH,0.0239185067751252
FX_CHFJPY,SARIMA,0.0292204605935944
US_Stock_VTV_adj_close,SARFIMA,0.032891689809598
US_Stock_OIH_adj_close,SARIMA,0.1012116458156404
FX_ZARUSD,SARFIMA,0.0308115652722495
FX_USDJPY,SARIMA,0.0315556598950854
FX_AUDCHF,SARIMA,0.0651957953977631
US_Stock_SLV_adj_close,SARIMA,0.0760045175829992
US_Stock_BKR_adj_close,SARFIMA,0.1489394550265803
FX_GBPJPY,SARIMA,0.0179210878474567
US_Stock_URA_adj_close,SARFIMA,0.1900596174853969
US_Stock_VEA_adj_close,GARCH,0.0605001944429552
FX_ZARJPY,GARCH,0.027214374126904
US_Stock_OKE_adj_close,SARIMA,0.1114772731416045
US_Stock_CVX_adj_close,SARIMA,0.0561204727257885
FX_CADUSD,SARIMA,0.0263584625826641
US_Stock_CCJ_adj_close,SARFIMA,0.2072322147788388
US_Stock_GLD_adj_close,GARCH,0.0873812813330122
US_Stock_FCX_adj_close,SARFIMA,0.1702304557986585
US_Stock_EWY_adj_close,SARIMA,0.10734068244080695
FX_AUDCAD,SARFIMA,0.019675435119415174
US_Stock_VWO_adj_close,SARIMA,0.050705886796757006
FX_NOKUSD,GARCH,0.03512554870523778
US_Stock_VGK_adj_close,GARCH,0.07341942776705823
US_Stock_RIO_adj_close,GARCH,0.052162138364909044
FX_EURCAD,SARFIMA,0.029533422340237054
US_Stock_HL_adj_close,GARCH,0.1379661040831516
US_Stock_TECK_adj_close,GARCH,0.1995715083987961
US_Stock_ALB_adj_close,SARIMA,0.30134113236066806
FX_ZARGBP,SARIMA,0.040562060349225965
FX_NOKGBP,GARCH,0.015279390697240812
FX_NOKEUR,SARFIMA,0.0161341965831565
US_Stock_EEM_adj_close,SARIMA,0.05533385265593479
US_Stock_DE_adj_close,GARCH,0.11821366578230522
US_Stock_EWZ_adj_close,SARIMA,0.07917032088546999
US_Stock_STLD_adj_close,SARFIMA,0.07023338888775879
US_Stock_SLB_adj_close,GARCH,0.1089233116440845
US_Stock_AMP_adj_close,SARIMA,0.06442761923041032
US_Stock_CAT_adj_close,SARIMA,0.12413910383120785
US_Stock_EOG_adj_close,SARIMA,0.06911251690277775
US_Stock_TIP_adj_close,SARIMA,0.014274368254697476
US_Stock_MS_adj_close,GARCH,0.08125894287451811
FX_NZDUSD,SARFIMA,0.0413431256586783
US_Stock_JNK_adj_close,SARIMA,0.0207682105305041
US_Stock_ENB_adj_close,GARCH,0.0376089714452143
US_Stock_VXUS_adj_close,SARFIMA,0.0521060562161576
FX_NOKCHF,GARCH,0.0203846103279112
US_Stock_BNDX_adj_close,SARIMA,0.0102686571346672
US_Stock_HES_adj_close,SARIMA,0.0578951148558737
US_Stock_COP_adj_close,SARFIMA,0.0775434717782233
FX_CADJPY,SARIMA,0.028340359728618
US_Stock_OXY_adj_close,SARIMA,0.1257645184028674
US_Stock_RSP_adj_close,SARIMA,0.0444239803041191
US_Stock_HAL_adj_close,SARIMA,0.1789409646165965
FX_EURUSD,SARFIMA,0.0396158056213123
FX_NZDCHF,SARIMA,0.0527342111254505
FX_USDCHF,SARIMA,0.0462262548991785
FX_EURNZD,SARFIMA,0.036102871310784
US_Stock_TD_adj_close,GARCH,0.1243854244344761
US_Stock_RY_adj_close,SARIMA,0.0552679740365406
FX_ZAREUR,SARIMA,0.0556875695215206
US_Stock_XLB_adj_close,SARFIMA,0.1154771759960617
FX_EURGBP,SARIMA,0.0174010536695605
US_Stock_VALE_adj_close,SARIMA,0.0981753238070436
US_Stock_CLF_adj_close,GARCH,0.4428190778863626
US_Stock_DVN_adj_close,SARIMA,0.1785709569187037
US_Stock_ACWI_adj_close,SARIMA,0.0429535431260415
FX_GBPUSD,SARFIMA,0.0332988296454745
US_Stock_X_adj_close,SARIMA,0.1889745806495694
US_Stock_MPC_adj_close,SARIMA,0.0934233636425512
FX_NOKJPY,SARFIMA,0.0290182865623657
US_Stock_CVE_adj_close,SARIMA,0.1804608889454445
FX_EURCHF,SARFIMA,0.012389003572862
FX_EURJPY,SARIMA,0.0233879810880384
US_Stock_NEM_adj_close,GARCH,0.2113896551345328
FX_GBPNZD,SARIMA,0.0375201372966346
US_Stock_LYB_adj_close,GARCH,0.2607001590772533
US_Stock_NUE_adj_close,SARFIMA,0.2235134611336326
US_Stock_EFA_adj_close,SARFIMA,0.0502898359612517
US_Stock_XLE_adj_close,SARFIMA,0.0447169043567831
US_Stock_EWJ_adj_close,SARFIMA,0.041394508914397
US_Stock_TRGP_adj_close,SARIMA,0.1482434537274241
US_Stock_EWT_adj_close,SARIMA,0.0866880359327219
US_Stock_WMB_adj_close,SARIMA,0.0959302360771332
US_Stock_XOM_adj_close,SARIMA,0.0856769706781619
US_Stock_KMI_adj_close,GARCH,0.0558366101531865
US_Stock_SCCO_adj_close,SARFIMA,0.0844307476512586
FX_AUDUSD,SARIMA,0.0529379144541875
US_Stock_IEF_adj_close,SARIMA,0.0165470961034435
US_Stock_SPYV_adj_close,SARFIMA,0.0424981763363087
US_Stock_WPM_adj_close,GARCH,0.1750014965437275
US_Stock_IAU_adj_close,GARCH,0.0867823517808343
