indice_resultados,serie_df,n_total,n_train,n_test_observado,estado,detalle,modelo,RMSE,m_usado,archivo_modelo
US_Stock_FCX_adj_close,US_Stock_FCX_adj_close,1961,1764,197,recuperado_modelo,sin errores de candidatos,SARFIMA,0.15498063714992674,1.0,modelos\SARFIMA_b67364fb004e.joblib
US_Stock_EWY_adj_close,US_Stock_EWY_adj_close,1961,1764,197,recuperado_modelo,sin errores de candidatos,SARFIMA,0.10579061063583065,1.0,modelos\SARFIMA_f6ab15ecacf4.joblib
FX_AUDCAD,FX_AUDCAD,1961,1764,197,recuperado_modelo,sin errores de candidatos,SARFIMA,0.01967543878439619,7.0,modelos\SARFIMA_bc7fd14e7b60.joblib
US_Stock_VWO_adj_close,US_Stock_VWO_adj_close,1961,1764,197,recuperado_modelo,sin errores de candidatos,SARIMA,0.04899459552134577,1.0,modelos\SARIMA_914c092a779f.joblib
FX_NOKUSD,FX_NOKUSD,1961,1764,197,recuperado_modelo,sin errores de candidatos,SARFIMA,0.04074829720152455,1.0,modelos\SARFIMA_9cea7b15944c.joblib
US_Stock_VGK_adj_close,US_Stock_VGK_adj_close,1961,1764,197,recuperado_modelo,sin errores de candidatos,GARCH,0.07358684951501747,,modelos\GARCH_d2c483eef9a3.joblib
US_Stock_RIO_adj_close,US_Stock_RIO_adj_close,1961,1764,197,recuperado_modelo,sin errores de candidatos,GARCH,0.05219337979135119,,modelos\GARCH_e03929caf33e.joblib
FX_EURCAD,FX_EURCAD,1961,1764,197,recuperado_modelo,sin errores de candidatos,SARFIMA,0.028300434549749467,1.0,modelos\SARFIMA_ae05718a8290.joblib
US_Stock_HL_adj_close,US_Stock_HL_adj_close,1961,1764,197,recuperado_modelo,sin errores de candidatos,GARCH,0.1382619509016327,,modelos\GARCH_a43946b9be53.joblib
US_Stock_ALB_adj_close,US_Stock_ALB_adj_close,1961,1764,197,recuperado_modelo,sin errores de candidatos,SARFIMA,0.26561751307137016,7.0,modelos\SARFIMA_679c82d888ca.joblib
FX_ZARGBP,FX_ZARGBP,1961,1764,197,recuperado_modelo,sin errores de candidatos,SARIMA,0.04056206034773177,7.0,modelos\SARIMA_ba05a036bd4c.joblib
FX_NOKGBP,FX_NOKGBP,1961,1764,197,recuperado_modelo,sin errores de candidatos,SARFIMA,0.01672912400397931,1.0,modelos\SARFIMA_c1ab27ea9166.joblib
US_Stock_EEM_adj_close,US_Stock_EEM_adj_close,1961,1764,197,recuperado_modelo,sin errores de candidatos,SARIMA,0.05529144481646431,1.0,modelos\SARIMA_a5d2eb9dc5a8.joblib
US_Stock_DE_adj_close,US_Stock_DE_adj_close,1961,1764,197,recuperado_modelo,sin errores de candidatos,GARCH,0.104616304651074,,modelos\GARCH_056d5fd6d5e1.joblib
US_Stock_EWZ_adj_close,US_Stock_EWZ_adj_close,1961,1764,197,recuperado_modelo,sin errores de candidatos,SARIMA,0.07816051036863132,1.0,modelos\SARIMA_437552282592.joblib
US_Stock_STLD_adj_close,US_Stock_STLD_adj_close,1961,1764,197,recuperado_modelo,sin errores de candidatos,SARFIMA,0.07023338888877864,7.0,modelos\SARFIMA_7bd2810b60f6.joblib
US_Stock_SLB_adj_close,US_Stock_SLB_adj_close,1961,1764,197,recuperado_modelo,sin errores de candidatos,GARCH,0.11143897524788451,,modelos\GARCH_ab0abd32075d.joblib
US_Stock_AMP_adj_close,US_Stock_AMP_adj_close,1961,1764,197,recuperado_modelo,sin errores de candidatos,SARIMA,0.06088508059925456,1.0,modelos\SARIMA_36cfc9a43fdd.joblib
US_Stock_CAT_adj_close,US_Stock_CAT_adj_close,1961,1764,197,recuperado_modelo,sin errores de candidatos,SARIMA,0.12413910383591156,7.0,modelos\SARIMA_7669efe05d42.joblib
US_Stock_EOG_adj_close,US_Stock_EOG_adj_close,1961,1764,197,recuperado_modelo,sin errores de candidatos,SARIMA,0.06726481100360501,1.0,modelos\SARIMA_a3fbfb9aa255.joblib
US_Stock_TIP_adj_close,US_Stock_TIP_adj_close,1961,1764,197,recuperado_modelo,sin errores de candidatos,SARFIMA,0.010520348674222184,7.0,modelos\SARFIMA_0d95e0d61584.joblib
